Campaigns_ID,Name,Start_Date,End_Date
CP6000,Organic clear-thinking array,2024-08-19,2025-04-17
CP6001,Managed bottom-line analyzer,2024-09-14,2025-04-17
CP6002,Persistent actuating concept,2024-07-31,2025-04-17
CP6003,Re-engineered intermediate success,2024-06-25,2025-04-17
CP6004,Object-based modular algorithm,2024-04-27,2025-04-17
CP6005,Multi-tiered systemic interface,2024-08-18,2025-04-17
CP6006,Enhanced heuristic data-warehouse,2024-12-04,2025-04-17
CP6007,Enterprise-wide even-keeled focus group,2024-07-11,2025-04-17
CP6008,Organized coherent alliance,2024-04-28,2025-04-17
CP6009,Seamless regional pricing structure,2025-03-30,2025-04-17
CP6010,Fully-configurable secondary frame,2025-02-25,2025-04-17
CP6011,Proactive incremental neural-net,2025-02-13,2025-04-17
CP6012,Polarized analyzing array,2024-08-04,2025-04-17
CP6013,Grass-roots human-resource challenge,2024-05-09,2025-04-17
CP6014,Operative dedicated project,2025-02-25,2025-04-17
CP6015,Progressive dynamic product,2024-10-17,2025-04-17
CP6016,Quality-focused 3rdgeneration implementation,2024-11-08,2025-04-17
CP6017,Universal heuristic matrices,2024-09-02,2025-04-17
CP6018,Quality-focused zero tolerance matrix,2025-02-08,2025-04-17
CP6019,Monitored non-volatile middleware,2024-11-29,2025-04-17
