Product_ID,Product_Name,Product_Brand,Product_Category,Unit_Price
P1000,Danielle ago,Ramirez and Sons,Food,457.91
P1001,Judith election,Ramos PLC,Books,425.77
P1002,Jeffrey since,Williams PLC,Home,227.48
P1003,Curtis sit,Novak and Sons,Books,52.23
P1004,Patricia begin,Russell Group,Books,188.56
P1005,Brittany almost,Hancock Inc,Clothing,336.08
P1006,Anthony discover,Gray Group,Home,334.63
P1007,Jesse play,House-Glover,Home,297.69
P1008,James rate,Henderson-Bernard,Home,140.99
P1009,Jacqueline kind,"Stanley, Tucker and Lee",Books,282.82
P1010,Bridget table,Novak PLC,Food,194.55
P1011,Misty song,"Daniels, Adkins and Brown",Home,486.0
P1012,Linda save,"Woods, Calhoun and Schmidt",Books,425.21
P1013,Roberto fall,Yu Inc,Clothing,362.26
P1014,Eric source,Jones Inc,Food,121.81
P1015,Matthew best,"Hensley, Powell and David",Clothing,131.75
P1016,Noah her,"Sanchez, Wheeler and Harvey",Food,25.01
P1017,Melanie PM,Sandoval-Cunningham,Books,356.78
P1018,Joseph animal,Donovan-Harris,Electronics,59.89
P1019,Jessica not,"Edwards, Baker and Anderson",Food,222.47
P1020,David win,"Evans, Stewart and Walton",Clothing,104.85
P1021,Nicholas old,Smith PLC,Books,448.4
P1022,Kelly production,"Ferrell, Jones and Lewis",Food,240.31
P1023,Christine training,Anderson-Bailey,Electronics,283.82
P1024,Michael dark,Suarez LLC,Electronics,349.28
P1025,Janet answer,Moore-Bass,Home,73.97
P1026,Donna spring,"Turner, Riggs and Roman",Home,304.19
P1027,Keith base,"Smith, Montoya and Evans",Clothing,272.22
P1028,Melissa trial,"Garcia, Humphrey and Baker",Food,105.52
P1029,Craig fall,Newton and Sons,Food,471.71
P1030,Shawn they,Campbell-Clark,Home,301.44
P1031,Mitchell determine,Harris-Walters,Food,348.92
P1032,Elizabeth science,Wagner-King,Food,440.83
P1033,Sharon raise,Davis Group,Electronics,314.06
P1034,Charles prove,Williams-Cook,Home,151.34
P1035,George shoulder,Walsh LLC,Books,57.22
P1036,John maintain,Figueroa PLC,Home,230.98
P1037,Veronica push,"Patterson, Smith and Jones",Books,113.13
P1038,Hailey discuss,"Mckee, Gardner and Davenport",Electronics,211.17
P1039,Gabrielle threat,"Tran, Jordan and Williams",Clothing,442.22
P1040,Kayla arrive,Nolan-Flynn,Food,165.55
P1041,Jeremy almost,Nolan and Sons,Electronics,65.43
P1042,Richard attorney,"Wright, Garcia and Deleon",Food,181.37
P1043,Jason yes,Dickson-Brady,Clothing,453.88
P1044,Ashley serious,Hancock and Sons,Clothing,139.71
P1045,Leonard reality,Johnson-Doyle,Electronics,325.61
P1046,Victor usually,Patton-Jenkins,Clothing,5.26
P1047,Robin low,"Shields, Cochran and Adams",Books,179.52
P1048,Douglas chair,"Rodriguez, Brennan and Garrison",Clothing,155.87
P1049,Anna everyone,Gonzalez Group,Food,86.5
P1050,Julie later,Torres-Pope,Food,269.37
P1051,Rachael inside,Walker Ltd,Food,244.99
P1052,Wendy certainly,Ross LLC,Food,347.76
P1053,William benefit,Rasmussen LLC,Books,138.36
P1054,Katelyn traditional,May-Ross,Home,125.84
P1055,Daniel product,"Rivera, Johnson and Wiley",Electronics,88.3
P1056,Ernest response,White-Estes,Food,113.29
P1057,Robert attack,Johnson-Carlson,Clothing,281.26
P1058,Paul pick,Chandler-Edwards,Food,204.9
P1059,Allison on,"Joyce, Wilson and Lam",Clothing,37.12
P1060,Michelle activity,Scott Ltd,Clothing,130.69
P1061,Erin building,Smith-Frost,Food,127.2
P1062,Amanda example,"Mcdaniel, Bentley and Mclaughlin",Books,349.67
P1063,Aaron seven,Diaz Inc,Clothing,357.57
P1064,Nancy everyone,"Mccall, Hanson and Alvarado",Clothing,78.3
P1065,Teresa sound,Cortez LLC,Food,498.88
P1066,Guy while,"Parker, Ortiz and Powell",Clothing,137.06
P1067,Colleen thought,Spencer-Lee,Clothing,488.42
P1068,Chelsea claim,"Bentley, Byrd and Orr",Food,208.46
P1069,Nathaniel color,"Carroll, Sullivan and Bass",Food,21.36
P1070,Amber start,Mitchell-Jordan,Electronics,175.81
P1071,Sandra why,"Lawson, Morris and Ramos",Books,319.0
P1072,Mario after,"Lewis, Kennedy and Santana",Books,341.95
P1073,Tricia surface,"Jackson, Miller and Robertson",Clothing,267.81
P1074,Kyle article,"Harvey, Davis and Crane",Books,226.65
P1075,Christian sign,Chambers and Sons,Clothing,278.68
P1076,Todd authority,Hernandez Inc,Electronics,298.38
P1077,Tiffany no,Riggs PLC,Food,45.02
P1078,Katie career,Gibson Ltd,Food,187.98
P1079,Stacey company,"Lee, Horton and Snyder",Food,124.87
P1080,Monique land,Hernandez Ltd,Books,402.55
P1081,Tamara woman,Stafford Inc,Electronics,237.8
P1082,Larry remain,Robinson-Brock,Books,491.79
P1083,Debra left,"Holmes, Williams and Wright",Books,202.42
P1084,Rachel live,Bryant Group,Electronics,409.13
P1085,Brianna drug,"Schmidt, Hansen and Stewart",Electronics,400.18
P1086,Adrian second,Salazar-Ball,Electronics,79.61
P1087,Crystal drop,"Simmons, Meadows and Griffin",Electronics,256.56
P1088,Carlos almost,Manning Group,Food,349.43
P1089,Michele avoid,Green-Wright,Home,429.89
P1090,Willie family,"Ramirez, Strickland and Washington",Home,166.35
P1091,Selena own,Hill Inc,Electronics,114.02
P1092,Barbara eight,"Mitchell, Nelson and Flores",Home,357.02
P1093,Kristen surface,"Miller, Hernandez and Reyes",Home,405.7
P1094,Clinton reason,Mccarthy Inc,Electronics,177.59
P1095,Ryan land,Russell-Daniels,Home,52.61
P1096,Brian ready,Brown-Wall,Books,470.56
P1097,Tracey billion,Stein-Silva,Clothing,201.8
P1098,Bruce should,"Smith, Gilmore and Johnston",Clothing,261.29
P1099,Shane knowledge,Smith-Bell,Electronics,419.67
